"company_name","average_growth_rate"
"Artists Production Group (APG)","1428570.58482142857150000000"
"Homegrown Pictures","466665.666666666667"
"Focus Films","357141.96825396825411111111"
"Muse Productions","250000.33531746031746031746"
"Paramount Animation","104166.36032536620755248210"
"Dimension Films","51630.76535460801083895762"
"Nickelodeon Movies","46296.70507887162215376035"
"Paramount Pictures","14459.439390374211177724422008"
"United Artists","8392.551283440197677646907692"
"Universal Pictures","4966.672215238244829316491000"
"LeBrocquy Fraser Productions","390.3043478260869565"
"Miramax","125.03977913787042164548"
"Protozoa Pictures","118.05736263736263736571"
"Falcon International Productions","115.6666666666666667"
"Management 360","99.50111111111111111111"
"Artisan Entertainment","78.878765350877192978290000"
"Electric Entertainment","59.0000000000000000"
"Pandora Filmproduktion","58.77732833333333335000"
"Empire Pictures","56.6923076923076923"
"Outlaw Productions","53.1666666666666667"
"Solana Films","49.916666666666666666667500"
"Image Entertainment","49.0000000000000000"
"LivePlanet","42.38588603425559946212"
"Edge City","42.3333333333333333"
"Furst Films","39.0000000000000000"
"Paramount","39.0000000000000000"
"View Askew Productions","37.71395073180787466184"
"Aramid Entertainment Fund","35.33617283950617283951"
"Dog Eat Dog Films","24.0000000000000000"
"Thinkfilm","22.20376984126984126667"
"Destination Films","19.51859243697478991180"
"Home Box Office (HBO)","19.0000000000000000"
"Ontario Film Development Corporation","19.0000000000000000"
"CatchPlay","18.2857142857142857"
"Smart Entertainment","16.0000000000000000"
"Renaissance Pictures","15.9415584415584416"
"Oscilloscope Laboratories","15.25000000000000000000"
"Paramount Classics","14.0000000000000000"
"3 Arts Entertainment","13.61425037041610074889"
"UTV Motion Pictures","12.63636363636363635000"
"Bayerischer Rundfunk (BR)","12.5000000000000000"
"Blumhouse Productions","12.49382575757575757409"
"Principato-Young Entertainment","11.60000000000000000000"
"Saga Film","10.7300676824905280"
"Dino de Laurentiis Cinematografica","10.43259259259259260000"
"Next Entertainment","10.35694444444444443333"
"100 Bares","10.0000000000000000"
"Televisiu00f3n Federal (Telefe)","10.0000000000000000"
"ContentFilm","9.91875000000000000000"
"DC Comics","9.79284472837588946663"
"Iron Horse Entertainment (II)","9.76361904761904763334"
"Zanuck/Brown Productions","9.7142857142857143"
"Sound for Film","9.43750000000000000000"
"Scout Productions","9.0000000000000000"
"Platinum Dunes","8.78454933630372226956"
"5150 Action","8.61375661375661375662"
"Automatik Entertainment","8.35787878787878788545"
"Samuel Goldwyn Films","8.08583333333333333333"
"Affirm Films","8.07777777777777777778"
"Alphaville Productions","7.6956521739130435"
"Gaumont","7.69423076923076923077"
"Tu00e9lu00e9film Canada","7.61904761904761904762"
"Manifest Film Company","7.4000000000000000"
"Arcade Pictures","7.3333333333333333"
"Fuji Television Network","7.24741854636591479554"
"Walt Disney Studios Motion Pictures","7.18732356532356531873"
"Vertigo Films","7.10978260869565215000"
"Pearl Street Films","7.0000000000000000"
"Incentive Filmed Entertainment","7.0000000000000000"
"120dB Films","7.0000000000000000"
"DC Entertainment","6.82827112961595720016"
"KC Medien AG","6.6000000000000000"
"VideoFilmes","6.5757575757575758"
"Sony Pictures Home Entertainment","6.5000000000000000"
"M Productions","6.5000000000000000"
"Woodfall Film Productions","6.5000000000000000"
"Ombra Films","6.3913043478260870"
"Lawrence Bender Productions","6.19513157894736842105"
"Knightsbridge Entertainment","6.1428571428571429"
"Indian Paintbrush","5.82500000000000000000"
"Apparatus Productions","5.6666666666666667"
"Panay Films","5.5000000000000000"
"Section Eight","5.38362187890012213290"
"Lee Daniels Entertainment","5.2500000000000000"
"Bull's Eye Entertainment","5.1538461538461538"
"Odd Lot Entertainment","5.11742753623188406667"
"Mars Films","5.02083333333333335000"
"Elevation Filmworks","5.0000000000000000"
"Faliro House Productions","5.0000000000000000"
"Fine Line Features","4.93237735042735042222"
"National Lottery through UK Film Council","4.84090909090909090909"
"Starling Films","4.8333333333333333"
"Kanzaman","4.7469780219780219780220000000"
"Egmond Film & Television","4.7407407407407407"
"Washington Square Films","4.74007936507936506667"
"Strike Entertainment","4.65318394024276377059"
"MTV Films","4.59690026855019681615"
"Ministerio de Cultura","4.57808839606434483836"
"EDKO Film","4.5294117647058824"
"Esperanto Filmoj","4.5263157894736842"
"Participant Productions","4.52380952380952381667"
"Bandito Brothers","4.5000000000000000"
"Lumiere","4.4545454545454545"
"Universal","4.43039215686274508334"
"Millennium Films","4.41839294455974022363"
"AR Films","4.4166666666666667"
"The Mark Gordon Company","4.33563380584192439863"
"Paramount Vantage","4.310703703703703703704000"
"Samuel Goldwyn Company, The","4.2380952380952381"
"Figment Films","4.18750000000000000000"
"Miramax Films","4.140013141695702722095823"
"The Coppola Company","4.0921010296010296"
"USA Films","4.07708333333333333333"
"Playtone","4.02645035520035520036"
"JoBro Productions & Film Finance","4.0000000000000000"
"Tiger Aspect Productions","4.0000000000000000"
"New Zealand Film Commission","4.0000000000000000"
"Horizon Pictures (II)","4.0000000000000000"
"Hunting Lane Films","4.0000000000000000"
"Aperture Entertainment","4.0000000000000000"
"International Film Investors","3.8333333333333334"
"MFPV Film","3.8139534883720930"
"Nimbus Film Productions","3.81025641025641027179"
"Intellectual Properties Worldwide","3.8000000000000000"
"Kurtzman/Orci","3.7500000000000000"
"Sony Pictures Entertainment","3.69355158730158730159"
"Jinks/Cohen Company","3.6666666666666667"
"Media Asia Films","3.598888888888888888888000"
"FilmDistrict","3.58296918767507002801"
"LightWorkers Media","3.5454545454545455"
"Cruise/Wagner Productions","3.50509627791942033574"
"Groucho II Film Partnership","3.5000000000000000"
"Summit Entertainment","3.487460012629175456325882"
"Vertigo Entertainment","3.463836064728921871777857"
"IM Global","3.46345454545454544788"
"Bazelevs Production","3.41135265700483091073"
"Motel Movies","3.2857142857142857"
"Toho Company","3.2500000000000000"
"Warner Bros. Family Entertainment","3.2105263157894737"
"Heyday Films","3.1344052624052624047611111111"
"Capella International","3.10303030303030303031"
"Warner Bros. Animation","3.064940476190476199048000"
"Silverwood Films","3.00396825396825394444"
"Road Rebel","3.00000000000000000000"
"Elle Driver","3.0000000000000000"
"Gilbert Films","3.0000000000000000"
"Before the Door Pictures","2.98911166805903647619"
"MACT Productions","2.9655172413793103"
"Hawk Films","2.91919191919191918637"
"Canal+ Espau00f1a","2.91873400763434356072"
"Stanley Kubrick Productions","2.86446886446886448077"
"K. JAM Media","2.8461538461538462"
"Instituto de la Cinematografu00eda y de las Artes Audiovisuales (ICAA)","2.84047619047619047619"
"Summer Knowledge LLC","2.8235294117647059"
"Flower Films","2.80833333333333335000"
"Origin Pictures","2.80431728690713504286"
"Dark Horse Entertainment","2.80413844408409625153"
"O2 Filmes","2.78787878787878790000"
"Danjaq","2.775702075702075702075714"
"Initial Entertainment Group (IEG)","2.76836241105637657898"
"Madison 23","2.7500000000000000"
"Media Magik Entertainment","2.7500000000000000"
"Antena 3 Televisiu00f3n","2.7500000000000000"
"SKA Films","2.70370370370370370000"
"New Line Cinema","2.66967667121156976830"
"France 3 Cinu00e9ma","2.64468242530411112739"
"Vendian Entertainment","2.63746630727762805378"
"K5 International","2.6293333333333333"
"Furthur Films","2.61441176470588235000"
"Jim Henson Company, The","2.58333333333333333334"
"Onyx Films","2.5555555555555556"
"Castelao Producciones","2.54444444444444444444"
"Blackfriars Bridge Films","2.5384615384615385"
"Sierra / Affinity","2.5294117647058824"
"The Ladd Company","2.51542465471036899478"
"Scythia Films","2.5000000000000000"
"AVCO Embassy Pictures","2.500000000000000000000000"
"Contrafilm","2.48477477477477476811"
"Crave Films","2.47142857142857142857"
"Pictures in Paradise","2.42500000000000000000"
"Industrial Development Corporation of South Africa","2.41904761904761906429"
"Outlaw Sinema","2.3928571428571429"
"Bluegrass Films","2.37796228539262594873"
"Monarchy Enterprises S.a.r.l.","2.3750000000000000"
"Chernin Entertainment","2.37105671119891586997"
"NFH Productions","2.3571428571428571"
"Lynda Obst Productions","2.35061272452576799772"
"Comedy Central Films","2.34920634920634920635"
"Mediastream Vierte Film GmbH & Co. Vermarktungs KG","2.33333333333333333334"
"Evergreen Media Group","2.32692307692307690000"
"Olive Bridge Entertainment","2.31071428571428571429"
"Pacific Western","2.28972837985769020252"
"Anonymous Content","2.28267947330447330626"
"The Weinstein Company","2.27576694665241240833"
"Winkler Films","2.261578947368421052632500"
"Sveriges Television (SVT)","2.25819961348130362792"
"Lions Gate Family Entertainment","2.2500000000000000"
"Pandora Cinema","2.22500000000000000000"
"Astral Media","2.21875000000000000000"
"RatPac Entertainment","2.2142857142857143"
"Depth of Field","2.21114612511671336230"
"Double Feature Films","2.20402094279477034897"
"Televisiu00f3n de Galicia (TVG) S.A.","2.2015000000000000"
"Sogepaq","2.2015000000000000"
"Kennedy Miller Productions","2.20030038524297630185"
"Double Negative","2.1578947368421053"
"Dune Entertainment III","2.15524380094255755496"
"WingNut Films","2.1076134568862858771690000000"
"Kinberg Genre","2.0689655172413793"
"Katalyst Films","2.05128205128205126667"
"Marv Films","2.04297136979133064830"
"Wildwood Enterprises","2.00178571428571429238"
"Turman-Foster Company","2.0000000000000000"
"Ventanarosa Productions","2.0000000000000000"
"Dickhouse Productions","2.0000000000000000"
"Herold Productions","2.0000000000000000"
"Stars Road Entertainment","2.0000000000000000"
"Cort/Madden Productions","2.0000000000000000"
"Firm Films","1.98828320802005012829"
"Jersey Films","1.95695803854113704402"
"X-Filme Creative Pool","1.94674713950698881667"
"Warner Bros.","1.9418415735698450345804729730"
"Screen Australia","1.93326213953279906569"
"Manitoba Film and Video Production Tax Credit","1.89464285714285715000"
"Bad Robot","1.89297500372620706820"
"Polygram Filmed Entertainment","1.87982816284165610047"
"Nostromo Pictures","1.85714285714285710000"
"The Safran Company","1.84853785857719494000"
"GreeneStreet Films","1.84702842377260983023"
"Good Machine","1.83207288293727019139"
"Tapestry Films","1.82500000000000000000"
"Pacific Film and Television Commission","1.82245208333333333333"
"Carolco Pictures","1.81879918327286749209"
"Tim Burton Productions","1.81694450477059173404"
"Stratus Film Co.","1.80508241758241760385"
"Hollywood Gang Productions","1.78058608058608058846"
"Marvel Knights","1.78048780487804880000"
"Creative Scotland","1.77185256662085120000"
"TF1 Films Productions","1.76144650490764966218"
"Himenu00f3ptero","1.73309386225206935000"
"Crystal Lake Entertainment","1.72727272727272730000"
"Montecito Picture Company, The","1.72555555555555555556"
"Studio 37","1.71512175219480290000"
"Metro-Goldwyn-Mayer Pictures","1.71428571428571430000"
"Annapurna Pictures","1.70156310535345314422"
"Ingenious Film Partners","1.695576968636869600465000"
"Warner Independent Pictures (WIP)","1.69010579163002950430"
"Hemdale Film Corporation","1.66666666666666665000"
"Centropolis Entertainment","1.64565656565656565379"
"Wales Creative IP Fund","1.64000000000000000000"
"Major Studio Partners","1.63095238095238094167"
"Red Hour Films","1.61837374177313202239"
"Alphaville Films","1.61326088877109286268"
"Walt Disney","1.60985449735449735926"
"Roth Films","1.59101801952665124021"
"FilmColony","1.58461538461538461539"
"Journeyman Pictures","1.57142857142857140000"
"Vanguard Films","1.56936845660249914458"
"Sighvatsson Films","1.53846153846153850000"
"Filmfour","1.53636363636363636364"
"Province of British Columbia Production Services Tax Credit","1.51164468864468863231"
"Jean Doumanian Productions","1.50000000000000000000"
"Wayfare Entertainment","1.50000000000000000000"
"Start Motion Pictures","1.50000000000000000000"
"Echo Lake Productions","1.50000000000000000000"
"Overture Films","1.500000000000000000000000"
"Gordon Company","1.5000000000000000"
"Michael London Productions","1.50000000000000000000"
"Chambara Pictures","1.50000000000000000000"
"Premiere Picture","1.50000000000000000000"
"Donners' Company","1.47902398989898990076"
"United Plankton Pictures","1.46666666666666670000"
"Hemdale Film","1.46267361111111110000"
"Provident Films","1.45555555555555556667"
"Broken Lizard Industries","1.44607843137254900000"
"China Film Co-Production Corporation","1.43638721177620608314"
"The Zanuck Company","1.43392857142857143572"
"Walt Disney Pictures","1.4252561872755539455380769231"
"Class 5 Films","1.42500000000000000000"
"Big Talk Productions","1.42008706467661690709"
"Kingsgate Films","1.40833333333333333334"
"Langley Park Production","1.40000000000000000000"
"Imagine Entertainment","1.39988142757843550686"
"Working Title Films","1.382676980592929973584565"
"Le Grisbi Productions","1.37620603797074385098"
"Ixtlan","1.37337662337662339091"
"Pantelion Films","1.36363636363636360000"
"Filmax","1.35773809523809522143"
"John Wells Productions","1.35612318840579709167"
"Rastar Pictures","1.35294117647058820000"
"Aldamisa Entertainment","1.34166666666666665000"
"Lucasfilm","1.338648194111866060924615"
"L.I.F.T. Production","1.33333333333333330000"
"Storefront Pictures","1.33333333333333330000"
"Mystery Clock Cinema","1.32592592592592592593"
"Studio Babelsberg","1.32283206050189745754"
"DNA Films","1.314814814814814807407778"
"A24","1.31325396825396826111"
"Bazmark Films","1.30152414635173256410"
"Bad Hat Harry Productions","1.28503493223947769402"
"Mediastream Dritte Film GmbH & Co. Beteiligungs KG","1.28205128205128203462"
"New World Pictures","1.27835497835497834952"
"Nu Image Films","1.27288254951103247836"
"New Legacy","1.27272727272727270000"
"Energy Entertainment","1.27272727272727270000"
"Dayday Films","1.26666666666666670000"
"Ram Bergman Productions","1.26666666666666665000"
"Rat Entertainment","1.25873015873015874444"
"Sudden Storm Productions","1.25000000000000000000"
"Plum Pictures","1.25000000000000000000"
"Yari Film Group","1.23396023024594453370"
"British Broadcasting Corporation (BBC)","1.229217194124026418081429"
"Walt Disney Productions","1.22294240238311580281"
"Mace Neufeld Productions","1.219867502188817813428889"
"Brooksfilms","1.20000000000000000000"
"21 Laps Entertainment","1.19890711333455201903"
"Endgame Entertainment","1.19271672771672771451"
"DMG Entertainment","1.19166666666666665000"
"Matador Pictures","1.17788461538461538462"
"Universal Studios","1.17614766689330413085"
"Media Rights Capital","1.17359708912099350346"
"Crescendo Productions","1.16666666666666670000"
"Key Creatives","1.16666666666666670000"
"Wonderland Sound and Vision","1.16354334554334553429"
"Deutsche Filmfu00f6rderfonds (DFFF)","1.15773933946488294891"
"PolyGram Filmed Entertainment","1.15064814814814814048"
"Spectacle Entertainment Group","1.14285714285714290000"
"STX Entertainment","1.13760683760683760684"
"Tapioca Films","1.134042553191489361703333"
"Taurus Film","1.12077352472089314195"
"Walden Media","1.116078709627096728469286"
"Participant Media","1.11229738515452800804"
"Gracie Films","1.111541005291005298148333"
"Saturn Films","1.11101731601731602035"
"Telecinco Cinema","1.11016548463356975106"
"Mediapro","1.10555555555555555556"
"DreamWorks Pictures","1.10060207991242474477"
"TSG Entertainment","1.099202597982195196411200"
"Baltimore Pictures","1.09289321789321788766"
"GAGA","1.08333333333333330000"
"Stuber Productions","1.07818792914627441594"
"Room 101","1.066666666666666666666667"
"Madhouse Entertainment","1.06666666666666665000"
"Red Granite Pictures","1.06515151515151516667"
"Worldview Entertainment","1.05447898098633392751"
"Down Productions","1.05065359477124184118"
"Tree Line Films","1.04577922077922079286"
"Westdeutscher Rundfunk (WDR)","1.04254143827105439487"
"Mr. Mudd Production","1.03455433455433454957"
"A Band Apart","1.032456140350877186316000"
"Spring Creek Productions","1.02789661146347192500"
"Shangri-La Entertainment","1.02444444444444443333"
"Ingenious Media","1.01798081685133298485"
"Open Road Films","1.00643939393939393939"
"Kramer & Sigman Films","1.00400000000000000000"
"Big Kid Pictures","1.00320512820512820513"
"Senator International","1.00000000000000000000"
"Sketch Films","1.00000000000000000000"
"Act III Communications","1.00000000000000000000"
"Reel Chefs Catering","1.00000000000000000000"
"Irwin Allen Productions","1.00000000000000000000"
"Sherwood Pictures","1.00000000000000000000"
"Big Indie Pictures","1.00000000000000000000"
"Ardustry Entertainment","1.00000000000000000000"
"Artfire Films","1.00000000000000000000"
"Thorn EMI Screen Entertainment","1.00000000000000000000"
"Lawrence Gordon Productions","0.99353348817337073239"
"Outlaw Productions (I)","0.98747795414462080000"
"40 Acres & A Mule Filmworks","0.981445868945868946795000"
"RatPac-Dune Entertainment","0.97248056455873839013"
"Cobalt Media Group","0.96947693850267380000"
"Lucky Red","0.96865894952358453422"
"Atmosphere Entertainment MM","0.96081585081585080252"
"Evolution Entertainment","0.95555555555555554444"
"Eric's Boy","0.95454545454545454546"
"Dune Entertainment","0.9421739865670860117449090909"
"Metro-Goldwyn-Mayer (MGM)","0.94050616909174417758"
"Warner Bros. Pictures","0.9357142857142857142850000000"
"Zucker/Netter Productions","0.93333333333333333333"
"StudioCanal","0.929632536837735502892500"
"Cinu00e9Cinu00e9ma","0.92871950684450683929"
"Threshold Entertainment","0.91666666666666668334"
"Eddie Murphy Productions","0.91666666666666666667"
"Imagi Animation Studios","0.91176470588235294118"
"Silver Screen Partners IV","0.91153697251258227979"
"Pathu00e9 Renn Productions","0.90619604008043886863"
"Thunder Road Pictures","0.90476641360851888300"
"Section Eight Productions","0.90075602079912425238"
"Handsomecharlie Films","0.897142857142857133333333"
"Beagle Pug Films","0.89473684210526315789"
"Don Carmody Productions","0.88888888888888890000"
"Aardman Animations","0.87777777777777778889"
"Demarest Films","0.87547008547008545897"
"Guy Walks into a Bar Productions","0.87500000000000000000"
"Signature Pictures","0.87404320987654320988"
"Sean S. Cunningham Films","0.87348484848484850000"
"Trigger Street Productions","0.86666666666666666667"
"Samuelson Productions","0.86046511627906976744"
"VIP Medienfonds 4","0.85185185185185185185"
"Don Simpson/Jerry Bruckheimer Films","0.85091360476663356189"
"Stage 6 Films","0.84438131313131313131"
"Octagon Films","0.83333333333333335000"
"RKO Radio Pictures","0.83079028251442045897"
"Kasdan Pictures","0.82285714285714284881"
"Relativity Media","0.820309361898964614739802"
"Color Force","0.819129600558171979487143"
"EMJAG Productions","0.81818181818181818182"
"Art Linson Productions","0.81742424242424242424"
"Lin Pictures","0.817072072072072080405000"
"Legendary Pictures","0.815157645980866859474375"
"Bedford Falls Company, The","0.80119047619047620715"
"Picturehouse Entertainment","0.80000000000000000000"
"Castle Rock Entertainment","0.79564341405045180855"
"Icon Productions","0.79166666666666666667"
"Will Packer Productions","0.79015151515151515000"
"Edward R. Pressman Film","0.78869047619047619048"
"Rogue","0.78571428571428571429"
"Dino De Laurentiis Company","0.78367235267460812418"
"Lionsgate","0.77793619403451774025"
"Type A Films","0.77777777777777777778"
"Hey Eddie","0.77596153846153845000"
"Alibaba Pictures Group","0.77051282051282051667"
"Cinu00e9+","0.76794910526193949043"
"Brandywine Productions","0.767658242658242657791667"
"Nina Saxon Film Design","0.76666666666666666667"
"Shady Acres Entertainment","0.76041666666666666667"
"ETIC Films","0.754981884057971016667500"
"Los Hooligans Productions","0.75187969924812030790"
"Antidote Films (I)","0.75000000000000000000"
"Jerry Weintraub Productions","0.74864081996434937611"
"The Kennedy/Marshall Company","0.74616865286838519857"
"Exclusive Media Group","0.74493813509809381842"
"Bedford Falls Productions","0.74166666666666666667"
"BillBlock Media","0.73913043478260869565"
"Sycamore Pictures","0.73913043478260869565"
"Mitsubishi","0.73657079166666666667"
"Mandeville Films","0.7316752691752691709955555556"
"Peregrine","0.72727272727272727273"
"TriStar Pictures","0.723252811714541362335769"
"Medienboard Berlin-Brandenburg","0.71787240537240537818"
"Mad Chance","0.71672615578865578310"
"Artina Films","0.71428571428571428571"
"Andell Entertainment","0.71428571428571428571"
"Majestic Films International","0.71414141414141413030"
"Cattleya","0.71111111111111110000"
"Anarchos Productions","0.70776144526143790294"
"Imagenation Abu Dhabi FZ","0.70755297334244702554"
"Brownstone Productions","0.70588235294117647059"
"Columbia Pictures Corporation","0.699268436638731969837363"
"Fox Searchlight Pictures","0.69539821651875716737"
"Twentieth Century Fox Film Corporation","0.6905698795719099391183653846"
"Gunn Films","0.69028540903540902222"
"Phoenix Pictures","0.68980451947931622443"
"Valhalla Motion Pictures","0.68843839191967281549"
"Canal+","0.68466582202533443087"
"Intermedia Films","0.680084058713090967914375"
"Peninsula Films","0.67857142857142855000"
"QED International","0.67850261843867982166"
"Columbia Pictures","0.677200430297214537020331"
"Darko Entertainment","0.67624699002407981438"
"Channel Four Films","0.67551920855380570478"
"Eyetronics","0.67500000000000000000"
"Marvel Enterprises","0.66864153885945001555"
"Emmett/Furla Films","0.66680214845872001235"
"National Lottery","0.66666806666666665000"
"Molinare Investment","0.66666666666666666667"
"Smart Egg Pictures","0.66666666666666666667"
"Polar Entertainment Corporation","0.66666666666666666667"
"Eden Rock Media","0.66666666666666666667"
"Buena Vista","0.66666666666666666667"
"The Guber-Peters Company","0.666666666666666650000000"
"Crystal Sky Worldwide","0.66666666666666665000"
"Mike Zoss Productions","0.66406671564566302013"
"Orion Pictures","0.66338796261210054313"
"Nouvelles u00c9ditions de Films (NEF)","0.65888888888888890000"
"Eyescreen S.r.l.","0.65651250103962212876"
"Gary Sanchez Productions","0.647094017094017094016667"
"uFilm","0.64370915454773010686"
"Walt Disney Animation Studios","0.63745778031492317207"
"Di Bonaventura Pictures","0.635755343415038159861111"
"U-Drive Productions","0.633133647125944959650000"
"Silver Pictures","0.6225854055734570461287500000"
"Twisted Pictures","0.611672278338945000056667"
"PSO International","0.61111111111111111111"
"Quinta Communications","0.60913165266106442381"
"Internationale Filmproduktion Blackbird Dritte","0.60555555555555555556"
"Mirage Enterprises","0.60312715501797780494"
"Leverage Management","0.60000000000000000000"
"WCG Entertainment Productions","0.60000000000000000000"
"Donner/Shuler-Donner Productions","0.59841269841269841270"
"Mark Gordon Productions","0.59285714285714285715"
"Eclectic pictures","0.59090909090909090909"
"BBC Films","0.589294987962433588491538"
"Bandai Visual Company","0.58333333333333333334"
"Zanuck Company, The","0.58333333333333333333"
"Virgin Produced","0.58222222222222223333"
"Atlas Entertainment","0.58200054112554112554"
"Marc Platt Productions","0.57714903129657228685"
"Reliance Entertainment","0.57576173826173825638"
"IMF Internationale Medien und Film GmbH & Co. 3. Produktions KG","0.57337550982573230348"
"Offspring Entertainment","0.57333031400966183575"
"Toei","0.57142857142857142857"
"Millar Gough Ink","0.57142857142857142857"
"Team Todd","0.56723809523809523810"
"Everest Entertainment","0.56349206349206347778"
"CiBy 2000","0.56349206349206347778"
"Inferno Distribution","0.56250000000000000000"
"Davis-Panzer Productions","0.56250000000000000000"
"Olympus Pictures","0.56250000000000000000"
"Magnolia Mae Films","0.55844155844155844156"
"Buckaroo Entertainment","0.555555555555555555556667"
"Moving Picture Company (MPC)","0.54886385560515884009"
"GK Films","0.54706420866569944602"
"Le Tax Shelter du Gouvernement Fu00e9du00e9ral de Belgique","0.54365714285714286667"
"Hyde Park Entertainment","0.54361904761904762000"
"Marvel Entertainment","0.54313593476473862813"
"Tig Productions","0.541470658970658970660000"
"Frontier Pictures","0.53846153846153846154"
"Franchise Pictures","0.536893920313435283146429"
"Cruel and Unusual Films","0.53243408578774431225"
"Industry Entertainment","0.52407407407407406667"
"Skydance Productions","0.52286906479283974825"
"Davis Entertainment","0.522181000633976553090645"
"Gramercy Pictures","0.52059643255295429209"
"Touchstone Pictures","0.517567162855010945405253"
"Amblin Entertainment","0.5132041655349478083489361702"
"David Brown Productions","0.51250000000000000000"
"Davis-Films","0.510258529349438440348182"
"Epsilon Motion Pictures","0.50832370419616589552"
"Mainichi Broadcasting System (MBS)","0.50000000000000000000"
"Junction Entertainment","0.50000000000000000000"
"Boll Kino Beteiligungs GmbH & Co. KG","0.50000000000000000000"
"Second Mate Productions","0.50000000000000000000"
"Asymmetrical Productions","0.50000000000000000000"
"Mpower Pictures","0.50000000000000000000"
"Infinity Features Entertainment","0.50000000000000000000"
"Alliance Films","0.49389980607627666177"
"Radar Pictures","0.49301753249121670461"
"Fortis Films","0.49166666666666666667"
"Digital Image Associates","0.49113712374581939800"
"Constantin Film Produktion","0.49061987126543047893"
"Film i Vu00e4st","0.48725782534813188818"
"Dentsu","0.48362786465340645124"
"CJ Entertainment","0.48333333333333333333"
"Sony Pictures","0.47943833943833944120"
"FilmEngine","0.47692307692307692308"
"Syncopy","0.47335371085371085371"
"Norddeutscher Rundfunk (NDR)","0.47221199852778800147"
"Big Screen Productions","0.47117394216175864400"
"Scott Free Productions","0.470195951062636641153846"
"Newmarket Capital Group","0.46933404940923737440"
"Morgan Creek Productions","0.465482134929152768150000"
"Free State Pictures","0.46529649595687331536"
"Amen Ra Films","0.46481481481481481482"
"Deep River Productions","0.46428571428571428572"
"Canal Plus","0.46246723674953548818"
"Mikona Productions GmbH & Co. KG","0.45983739837398373984"
"Revolution Sun Studios","0.45888196365275472922"
"2929 Productions","0.45704269293924466386"
"TC Productions","0.45689655172413793104"
"Mandalay Vision","0.45535714285714285000"
"Weed Road Pictures","0.4506253006253006290042857143"
"DreamWorks SKG","0.445753408503816899156912"
"Senator Entertainment Co","0.44444444444444444444"
"Appian Way","0.442632762352589944478750"
"Zide-Perry Productions","0.43936691327995675202"
"Wintergreen Productions","0.43579647829647829243"
"Material","0.42857142857142857143"
"Fake Empire","0.42857142857142857143"
"1492 Pictures","0.42683886094412410350"
"Genre Films","0.42642248661478321541"
"1984 Private Defense Contractors","0.41666666666666665833"
"Hopscotch Features","0.41517857142857142857"
"Fox Animation Studios","0.41509433962264150943"
"Corsan","0.41361256544502617801"
"Forge","0.41208791208791208077"
"Film4","0.411122449451404378331923"
"Angry Films","0.41025641025641025641"
"Paul Schiff Productions","0.40972222222222221667"
"First Light Production","0.40833333333333335000"
"M6 Films","0.40605413105413105413"
"Original Film","0.403993173910467145157857"
"Clinica Estetico","0.40350877192982456667"
"KMP Film Invest","0.40350877192982456140"
"Overbrook Entertainment","0.4001635401635401625300000000"
"FilmWorks","0.40000000000000000000"
"Storm King Productions","0.40000000000000000000"
"Anton Capital Entertainment (ACE)","0.39954545454545455455"
"Palomar Pictures (II)","0.39923076923076925000"
"Village Roadshow Pictures","0.394222410106872568983514"
"SLM Production Group","0.39228971962616822430"
"LStar Capital","0.39092121902232417015"
"Marubeni","0.387777777777777774920000"
"Practical Pictures","0.38750000000000000000"
"The Mirisch Corporation","0.38703565513855099159"
"Punch Productions","0.38698412698412700000"
"Gotham Group","0.38277310924369747899"
"China Film Co.","0.38157894736842105263"
"Wild Bunch","0.38140840351285990478"
"Babelsberg Film","0.38111888111888111888"
"Kennedy/Marshall Company, The","0.3801178619360437542254545455"
"Apatow Productions","0.378483648333920568835263"
"DreamWorks","0.37617924528301886793"
"Lightstorm Entertainment","0.37567546583850931677"
"Eon Productions","0.375393831253752354034286"
"Jerry Bruckheimer Films","0.3729833737662233392863157895"
"Marty Katz Productions","0.37103174603174602698"
"TF1 Films Production","0.36887732279778545921"
"Mutual Film Company","0.366256943388245420985385"
"1821 Pictures","0.36599099099099097433"
"VIP 4 Medienfonds","0.357864357864357848483333"
"Karz Entertainment","0.35730769230769230769"
"Babieka","0.35714285714285714286"
"Tribeca Productions","0.356932724372915757444545"
"Imprint Entertainment","0.35567567567567567568"
"Screen Gems","0.35517541445749020291"
"Rainforest Films","0.35496794871794870000"
"Mandate Pictures","0.35461432506887052039"
"Parkes/MacDonald Productions","0.35365123604254038964"
"Laurence Mark Productions","0.34927355116011973455"
"Stonebridge Entertainment","0.34615384615384615385"
"WV Films II","0.34444444444444444445"
"Temple Hill Entertainment","0.339750280057185424325556"
"Renaissance Films","0.33796296296296296296"
"Degeto Film","0.33784145459460507644"
"Happy Madison Productions","0.337627764502639175506800"
"Interscope Communications","0.33437251154642458157"
"Alcon Entertainment","0.33387865623859469332"
"Twins Financing","0.33333333333333333333"
"NPV Entertainment","0.331637655062024812004762"
"ApolloMedia Distribution","0.325000000000000000000000"
"Hollywood Pictures","0.32384847229362036999"
"Chockstone Pictures","0.32342171717171716061"
"Smokehouse Pictures","0.32227300761451422878"
"Tequila Gang","0.31578947368421052632"
"EuropaCorp","0.308676186957137706068182"
"Troublemaker Studios","0.30641381411030701524"
"Red Wagon Entertainment","0.3060006526882597699266666667"
"Mandalay Entertainment","0.30533407768701886349"
"Studio Ghibli","0.30086950917190775681"
"Yuk Films","0.30000000000000000000"
"Filmgate Films","0.29411764705882352941"
"Good Universe","0.29365079365079365079"
"M6","0.29318438914027149322"
"Malpaso Productions","0.29115988071096430121"
"Pacific Standard","0.28961748633879779754"
"Blue Star Pictures","0.28571428571428571429"
"CBS Films","0.28561033584321492273"
"Sony Pictures Entertainment (SPE)","0.28085689062257034984"
"Pacific Data Images (PDI)","0.272619047619047619048571"
"Allied Filmmakers","0.27182539682539681111"
"Goldcrest Films International","0.26767676767676768788"
"Maverick Films","0.26574992574992574993"
"Estudios Picasso","0.26315789473684210526"
"Current Entertainment","0.26162728475228475943"
"Cross Creek Pictures","0.26082051616194965428"
"Grive Productions","0.26022435897435897436"
"Mel's Cite du Cinema","0.25992725159608931406"
"Mid Atlantic Films","0.25821947486397614545"
"Fox 2000 Pictures","0.257492759342968371031064"
"Rogue Pictures","0.256250000000000000000000"
"Josephson Entertainment","0.25457516339869281046"
"Film & Entertainment VIP Medienfonds 4 GmbH & Co. KG (I)","0.25000000000000000000"
"France Tu00e9lu00e9vision","0.25000000000000000000"
"Sikelia Productions","0.25000000000000000000"
"The Movie Network","0.25000000000000000000"
"City Light Films","0.24938271604938271605"
"Why Not Productions","0.24861111111111111111"
"David Kirschner Productions","0.24520833333333333334"
"Hard Eight Pictures","0.23859267026968891917"
"Pixar Animation Studios","0.2382933839085550463906666667"
"Camelot Pictures","0.23630952380952380952"
"Impact Pictures","0.236221959858323497480909"
"Celador Films","0.23333333333333333334"
"Arc Productions","0.23333333333333333333"
"Metropolitan Filmexport","0.23229403726708074534"
"Avery Pix","0.232174688057041008822500"
"New Deal Productions","0.23076923076923076923"
"Regent Capital","0.23076923076923076923"
"Rai Cinema","0.22684333210649000000"
"Province of British Columbia Film Incentive BC","0.22222222222222222222"
"Walt Disney Feature Animation","0.21845768610474492828"
"Celluloid Dreams","0.21391701409569187826"
"Scott Rudin Productions","0.209936772394974750656176"
"Ghoulardi Film Company","0.209468468468468475136000"
"Cold Spring Pictures","0.20833333333333333334"
"Cloud Eight Films","0.203703703703703703703333"
"Imaginary Forces","0.20185185185185185185"
"International Production Company","0.20106837606837607949"
"De Line Pictures","0.200754490392648290675000"
"Brookwell-McNamara Entertainment","0.20000000000000000000"
"Hofflund/Polone","0.20000000000000000000"
"Skylark Productions","0.20000000000000000000"
"Conundrum Entertainment","0.19783719548425430778"
"Ghost House Pictures","0.196825396825396825396667"
"Skydance Media","0.19354838709677419355"
"Michael De Luca Productions","0.19348920816026079184"
"Closest to the Hole Productions","0.19309523809523809524"
"Beverly Detroit","0.19248120300751879699"
"Hypnotic","0.19166666666666666667"
"ContentFilm International","0.19047619047619047619"
"Monarch Pictures","0.19047619047619047619"
"David Foster Productions","0.18985371926548397137"
"Reliance BIG Entertainment","0.188949275362318840580000"
"Gravier Productions","0.188888888888888888890000"
"Harpo Films","0.18787878787878787879"
"Radiant Productions","0.18727240896358543417"
"Caravan Pictures","0.18714285714285714286"
"Cheyenne Enterprises","0.18573093573093573502"
"Little Bird","0.18382352941176470588"
"Three Strange Angels","0.18333333333333333334"
"Propaganda Films","0.18273393273393273870"
"Bona Fide Productions","0.17840350023061548711"
"River Road Entertainment","0.17619356833642547928"
"Spyglass Entertainment","0.175410033258458457295294"
"Parallel Zide","0.17500000000000000000"
"Focus Features","0.17443714908000622218"
"Big Beach Films","0.17205882352941176471"
"UGC PH","0.16666666666666666667"
"Albert S. Ruddy Productions","0.16666666666666666667"
"Davis Films","0.16666666666666666667"
"Laika Entertainment","0.166666666666666666666667"
"Walt Disney Television Animation","0.166666666666666666666667"
"Carousel Picture Company, The","0.166666666666666666665000"
"BenderSpink","0.15949687329215106358"
"Killer Films","0.15861204013377925769"
"Arte","0.15805946791862283709"
"Misher Films","0.155953159041394325882000"
"New Regency Pictures","0.155366042105695190630606"
"Regency Enterprises","0.15238181689832836065"
"Virtual Studios","0.14759259259259260000"
"Punch 21 Productions","0.14285714285714285714"
"Dante Entertainment","0.14285714285714285714"
"Tohokushinsha","0.14285714285714285714"
"A.J.O.Z. Films","0.14285714285714285714"
"One Race Films","0.14160401002506265664"
"Lucky Monkey Pictures","0.13888888888888890000"
"MFP Munich Film Partners GmbH & Company I. Produktions KG","0.13664799253034548105"
"Mimran Schur Pictures","0.13636363636363636364"
"Golar Productions","0.13333333333333333333"
"26 Films","0.13333333333333333333"
"Producers Sales Organization (PSO)","0.13333333333333333333"
"Jonesfilm","0.13333333333333333333"
"Le Studio Canal+","0.12970521541950114490"
"Robert Simonds Productions","0.12696608946608946331"
"Hyde Park Films","0.12511249833449964897"
"Alcor Films","0.12500000000000000000"
"Kerner Entertainment Company","0.12433155080213903743"
"Marvel Studios","0.1210863482922306451708333333"
"Samuel Bronston Productions","0.11764705882352941176"
"ImageMovers","0.11740067727970953242"
"Lorimar Film Entertainment","0.11666666666666666667"
"World 2000 Entertainment","0.11547619047619047619"
"Stillking Films","0.11502494331065759637"
"Twentieth Century Fox Animation","0.114274832149211820623000"
"Scion Films","0.11426359036962502172"
"DreamWorks Animation","0.1135111846891121517836666667"
"Pain Unlimited GmbH Filmproduktion","0.10937500000000000000"
"Les Films Alain Sarde","0.10740740740740740741"
"Greenestreet Films","0.10531309297912713473"
"Barry Mendel Productions","0.10103937728937728938"
"TF1","0.10000000000000000000"
"Flynn Picture Company","0.10000000000000000000"
"Escape Artists","0.099689893439893439894167"
"TIK Films","0.09920634920634920635"
"Lakeshore Entertainment","0.098472771967762491396000"
"Envision Entertainment","0.09844232182218956650"
"The Bubble Factory","0.09674892283587935762"
"Perdido Productions","0.09607843137254901961"
"Beacon Pictures","0.09454545454545454000"
"Parts and Labor","0.09375000000000000000"
"Casey Silver Productions","0.09169859514687100894"
"Dune Films","0.09120879120879119808"
"Pandora Pictures","0.09090909090909090909"
"Forward Pass","0.08870552818828681755"
"Crystal Sky Pictures","0.08636363636363636364"
"Point Grey Pictures","0.08631403318903317792"
"R.P. Productions","0.08320802005012531328"
"Plan B Entertainment","0.081983236670736670736667"
"Global Entertainment Productions GmbH & Company Medien KG","0.080622009569377990430000"
"Sidney Kimmel Entertainment","0.080366565616990066522500"
"TAFT Entertainment Pictures","0.08000000000000000000"
"Detour Film Production","0.08000000000000000000"
"Green Hat Films","0.07930402930402930403"
"Pathu00e9","0.07893462521150693165"
"Silver Reel","0.076707461293927459018571"
"Bavaria Film","0.07495590828924162258"
"K/O Paper Products","0.07411616161616161616"
"Ruby Films","0.07202380952380952381"
"Woods Entertainment","0.07142857142857142857"
"Stargate Studios","0.07142857142857142857"
"Blue Sky Studios","0.070275661298905758170000"
"Grosvenor Park Media Ltd.","0.06851851851851851852"
"The Javelina Film Company","0.06666666666666666667"
"Beacon Communications","0.06572646449884301309"
"UK Film Council","0.06451779725238524026"
"Filmfu00f6rderungsanstalt (FFA)","0.06190476190476190476"
"Goldmann Pictures","0.06066176470588235294"
"Wild West Picture Show Productions","0.060508241758241758242500"
"Bel Air Entertainment","0.058913828689370485036667"
"HandMade Films","0.05882352941176470588"
"Atchity Entertainment International (AEI)","0.05263157894736842105"
"Kopelson Entertainment","0.05179824561403508772"
"Antena 3 Films","0.05151515151515151516"
"New South Wales Film & Television Office","0.04958928571428571429"
"Hemisphere Media Capital","0.04821937321937321937"
"Dark Castle Entertainment","0.046052873363797731865000"
"Yleisradio (YLE)","0.04331279342723004695"
"Largo Entertainment","0.04106562703053931124"
"Dharma Productions","0.04054054054054054054"
"American Zoetrope","0.03960105254222900820"
"Blinding Edge Pictures","0.03549450549450549451"
"Cinergi Pictures Entertainment","0.029735996326905417814545"
"Irish Film Board","0.02850241545893719251"
"Newman/Tooley Films","0.02777777777777777778"
"Illumination Entertainment","0.02664760216247630435"
"Rysher Entertainment","0.02594820756585462468"
"American Empirical Pictures","0.02500000000000000000"
"Irish Dreamtime","0.02440476190476190476"
"Dylan Sellers Productions","0.02349624060150375940"
"Fox Atomic","0.022222222222222222221667"
"Radical Media","0.01515151515151515152"
"Toho-Towa","0.006731113498030789222857"
"Nimar Studios","0.00659340659340659341"
"IFC Productions","0.00000000000000000000"
"Iguana Producciones","0.000000000000000000000000"
"Filmax Entertainment","0.000000000000000000000000"
"Incorporated Television Company (ITC)","0.000000000000000000000000"
"Leverage Entertainment","0.000000000000000000000000"
"Super Cool ManChu","0.000000000000000000000000"
"Bay Films","0.000000000000000000000000"
"Hughes Entertainment","0.000000000000000000000000"
"Tokyo FM Broadcasting Co.","0.000000000000000000000000"
"Haunted Movies","0.000000000000000000000000"
"Brightlight Pictures","0.00000000000000000000"
"Bleiberg Entertainment","0.00000000000000000000"
"Element Pictures","0.000000000000000000000000"
"Luxembourg Film Fund","0.000000000000000000000000"
"Walt Disney Animation Australia","0.000000000000000000000000"
"Triggerfish Animation","0.000000000000000000000000"
"Blue Wolf","0.00000000000000000000"
"DisneyToon Studios","0.000000000000000000000000"
"Grosvenor Park Productions","0.000000000000000000000000"
"Showtime Networks","0.000000000000000000000000"
"Brothers Dowdle Productions","0.000000000000000000000000"
"Epithu00e8te Films","0.000000000000000000000000"
"Arnold Kopelson Productions","0.000000000000000000000000"
"Revelations Entertainment","0.000000000000000000000000"
"Moonlighting Films","0.000000000000000000000000"
"Golden Harvest Company","-0.00220313333333333334"
"Emperor Motion Pictures","-0.00398406374501992032"
"Wigram Productions","-0.00555555555555555556"
"Joseph M. Singer Entertainment","-0.007042253521126760565000"
"Film Export A.G.","-0.01818181818181818182"
"Sunswept Entertainment","-0.02056414849494212474"
"Living Films","-0.02072041553748870822"
"Kontsept Film Company","-0.02111026228673287497"
"Gerber Pictures","-0.02134966688158177520"
"Callahan Filmworks","-0.02439024390243902439"
"Revolution Films","-0.02564102564102563333"
"Nine Yards Productions","-0.03147699757869249395"
"Monarchy Enterprises B.V.","-0.03508771929824561404"
"The Canton Company","-0.03981918238993710692"
"HanWay Films","-0.05546042617960426180"
"Studio Canal","-0.05628842237392549649"
"MDP Worldwide","-0.05707070707070707071"
"Tollin/Robbins Productions","-0.06066176470588235294"
"Vendome Pictures","-0.06250000000000000000"
"Groundswell Productions","-0.06363636363636363637"
"Mars Media Beteiligungs","-0.06666666666666666667"
"Ludlum Entertainment","-0.06666666666666666667"
"NeoReel","-0.06709956709956709957"
"Infinitum Nihil","-0.06993464052287581699"
"Madacy Entertainment","-0.07142857142857142857"
"The Harold Greenberg Fund","-0.072222222222222222223333"
"Neal Street Productions","-0.07301587301587301587"
"Kaplan/Perrone Entertainment","-0.07407407407407407407"
"Centre National de la Cinu00e9matographie (CNC)","-0.07413875320532230940"
"Red Wagon Productions","-0.07608695652173913043"
"Indochina Productions","-0.07692307692307692308"
"Captivate Entertainment","-0.07692307692307692308"
"Goldcrest Pictures","-0.07863411109945062447"
"Treehouse Pictures","-0.07870370370370370370"
"Danmarks Radio (DR)","-0.08013702655119908641"
"Heyday films","-0.08076923076923076923"
"Regione Lazio","-0.08148148148148148148"
"Pathe","-0.08476801867522614532"
"The Montecito Picture Company","-0.08516260162601626016"
"Equity Pictures Medienfonds GmbH & Co. KG III","-0.09090909090909090909"
"Reel FX Creative Studios","-0.09090909090909090909"
"Cineclick Asia","-0.09090909090909090909"
"Hasbro","-0.09185235816814764184"
"Reiner / Greisman Productions","-0.09444444444444444445"
"Ru00e9gion Ile-de-France","-0.09774140413166936423"
"Zadan / Meron Productions","-0.10000000000000000000"
"Lions Gate Films","-0.10092128051686875216"
"FilmNation Entertainment","-0.10168485395683826544"
"Vinyl Films","-0.10280959752321981424"
"Tele Mu00fcnchen Fernseh Produktionsgesellschaft (TMG)","-0.106349206349206349206667"
"Kumar Mobiliengesellschaft mbH & Co. Projekt Nr. 1 KG","-0.10930232558139534884"
"Canal+ Droits Audiovisuels","-0.111111111111111111110000"
"Hammerhead Productions","-0.11111111111111111111"
"Diaphana Films","-0.11346153846153846154"
"Kalima Productions GmbH & Co. KG","-0.115942028985507246376667"
"Laura Ziskin Productions","-0.11606912144702842377"
"Nick Wechsler Productions","-0.11800392940392940393"
"Serendipity Point Films","-0.11915857605177993528"
"Eurimages","-0.12104598109197476159"
"Mad Hatter Entertainment","-0.12121212121212121212"
"VIP 3 Medienfonds","-0.12121212121212121212"
"Bold Films","-0.12165486474310003116"
"Pariah Entertainment Group","-0.12500000000000000000"
"Northern Lights Entertainment","-0.12500000000000000000"
"Envision Entertainment Corporation","-0.12748829039812646370"
"Clifford Werber Productions","-0.13157894736842105263"
"Sony Pictures Animation","-0.132358945145456301642000"
"Everyman Pictures","-0.13643115942028985507"
"Black Bear Pictures","-0.14186507936507936508"
"Egoli Tossell Film AG","-0.14285714285714285714"
"Mark Johnson Productions","-0.14285714285714285714"
"Kalis Productions GmbH & Co. Zweite KG","-0.14285714285714285714"
"Nu Image Entertainment GmbH","-0.14545454545454545455"
"Dovemead Films","-0.14797979797979797980"
"Wayans Bros. Entertainment","-0.14934934934934934935"
"Hasbro Studios","-0.1498168498168498168500000000"
"Hammer Film Productions","-0.15000000000000000000"
"Academy Films","-0.15000000000000000000"
"Animal Logic","-0.150000000000000000000000"
"The Saul Zaentz Company","-0.15053763440860215054"
"BIM Distribuzione","-0.15224358974358974167"
"Icon Entertainment International","-0.15306277056277056277"
"Mandalay Pictures","-0.154073094755143436685000"
"Barclays Mercantile Industrial Finance","-0.15625000000000000000"
"Revolution Studios","-0.159239123197312753328519"
"Ixtlan Productions","-0.15993421052631578948"
"Longfellow Pictures","-0.16129032258064516129"
"Blueprint Pictures","-0.166666666666666666665000"
"Versu00e1til Cinema","-0.16666666666666666667"
"Larger Than Life Productions","-0.16666666666666666667"
"Solaris Film","-0.16666666666666666667"
"Seven Arts","-0.16666666666666666667"
"Radical Studios","-0.16666666666666666667"
"Chris Lee Productions","-0.17309697601668404589"
"Eidos Interactive","-0.17391304347826086957"
"Waverly Films","-0.175245098039215686273333"
"Konrad Pictures","-0.17558139534883720930"
"Art Pictures Studio","-0.17808219178082191781"
"Canadian Film or Video Production Tax Credit (CPTC)","-0.18333333333333333333"
"Darkwoods Productions","-0.183333333333333333333333"
"MHF Zweite Academy Film","-0.18455882352941176471"
"Constant c Productions","-0.18478260869565217391"
"Rhombus Media","-0.18611111111111111111"
"Rising Star","-0.18662188386326317361"
"Starz Animation","-0.18918918918918918919"
"France Tu00e9lu00e9visions","-0.195000000000000000000000"
"Umedia","-0.19542483660130718954"
"Telefilm Canada","-0.20000000000000000000"
"Gran Via Productions","-0.20000000000000000000"
"Runteldat Entertainment","-0.20000000000000000000"
"WT2 Productions","-0.20000000000000000000"
"Tempesta Films","-0.20000000000000000000"
"Craven-Maddalena Films","-0.201304945054945054945000"
"Mayhem Pictures","-0.20454545454545454546"
"Mosaic Media Group","-0.20608766233766233909"
"Intermedia","-0.20833333333333333333"
"Krane Entertainment","-0.20833333333333333334"
"Roger Birnbaum Productions","-0.21428571428571428571"
"Ru00e9gion Nord-Pas-de-Calais","-0.21428571428571428571"
"Midnight Sun Pictures","-0.214285714285714285715000"
"Likely Story","-0.21984126984126984683"
"Insurge Pictures","-0.220085470085470085470000"
"Two Ton Films","-0.22222222222222222222"
"Parkes+MacDonald Image Nation","-0.22222222222222222222"
"Sony Pictures Releasing","-0.22584064327485380117"
"Alloy Entertainment","-0.24000000000000000000"
"Carthago Films S.a.r.l.","-0.24000000000000000000"
"APJAC Productions","-0.24333333333333333334"
"The Picture Factory","-0.25000000000000000000"
"Centropolis Film Productions","-0.25000000000000000000"
"Seagal/Nasso Productions","-0.25000000000000000000"
"Flower Films (II)","-0.253333333333333333334000"
"Boxing Cat Films","-0.25538461538461538462"
"Selznick International Pictures","-0.25670186335403726708"
"Motion Picture Corporation of America","-0.25925925925925925926"
"Splendid Pictures","-0.26648351648351648352"
"Medusa Film","-0.27058823529411764706"
"Weinstein Company, The","-0.27500000000000000000"
"France 2 Cinu00e9ma","-0.284499552982448103274167"
"thinkfilm","-0.28571428571428571429"
"China Movie Channel","-0.28571428571428571429"
"Scanbox","-0.28571428571428571429"
"Detour Filmproduction","-0.29243295019157088123"
"Phase 4 Films","-0.30000000000000000000"
"Brass Hat Films","-0.30000000000000000000"
"Latina Pictures","-0.30357142857142857143"
"Copperheart Entertainment","-0.30769230769230769231"
"Centre National de la Cinu00e9matographie","-0.31250000000000000000"
"Huayi Brothers Media","-0.31913021618903971845"
"Lion Rock Productions","-0.32996028804335048426"
"Arts Council of England","-0.33333333333333333333"
"The Department of Trade and Industry of South Africa","-0.33333333333333333333"
"Patalex Productions","-0.33333333333333333333"
"Electric City Entertainment","-0.33333333333333333333"
"Cott Productions","-0.33333333333333333333"
"Mark Canton Productions","-0.33333333333333333333"
"Evil Twins","-0.33962264150943396226"
"Recorded Pictures Company","-0.34782608695652173913"
"Fountainbridge Films","-0.34848484848484848485"
"Thin Man Films","-0.35016835016835016835"
"Backup Media","-0.35064935064935064935"
"Nexus Factory","-0.35294117647058823529"
"Union Gu00e9nu00e9rale Cinu00e9matographique (UGC)","-0.35970000000000000000"
"Cube Vision","-0.36285714285714285714"
"Zephyr Films","-0.36427860696517412935"
"Horseshoe Bay Productions","-0.36764705882352941176"
"Origen Producciones Cinematograficas S.A.","-0.36842105263157894737"
"Procirep","-0.37083617532871701228"
"Bagdasarian Productions","-0.37500000000000000000"
"Carnaby International","-0.37500000000000000000"
"Cinema 84","-0.37500000000000000000"
"Screen Gems, Inc.","-0.37500000000000000000"
"Lonely Film Productions GmbH & Co. KG.","-0.37500000000000000000"
"Chartoff-Winkler Productions","-0.37500000000000000000"
"Odyssey Media","-0.37500000000000000000"
"Potboiler Productions","-0.38333333333333333333"
"De Fina-Cappa","-0.38461538461538461538"
"Les Productions de la Guu00e9ville","-0.38661248856415658367"
"American Entertainment Partners L.P.","-0.38888888888888888889"
"Lipsync Productions","-0.39054867295199851859"
"Merchant Ivory Productions","-0.39130434782608695652"
"Talisman Productions","-0.39285714285714285714"
"WideAwake","-0.39285714285714285714"
"Magnolia Pictures","-0.40000000000000000000"
"Star Partners II Ltd.","-0.40000000000000000000"
"Charles K. Feldman Group","-0.40000000000000000000"
"Overnight Films","-0.40000000000000000000"
"Gold Circle Films","-0.40418719211822660099"
"VIP 2 Medienfonds","-0.40543364681295715779"
"Disruption Entertainment","-0.40800000000000000000"
"Les Films du Losange","-0.41596451164133658818"
"Wega Film","-0.41596451164133658818"
"Liberator Productions","-0.42187500000000000000"
"Glass Eye Pix","-0.42307692307692307693"
"Pyramide Productions","-0.42857142857142857143"
"Cineplex-Odeon Films","-0.42857142857142857143"
"Filmula","-0.42857142857142857143"
"Penn Station Entertainment","-0.42857142857142857143"
"Det Danske Filminstitut","-0.43076923076923076923"
"Persistent Entertainment","-0.43333333333333333333"
"Government of Malta","-0.44000000000000000000"
"W9","-0.44108220211161387632"
"Sandcastle 5 Productions","-0.44444444444444444444"
"Entertainment One","-0.44444444444444444444"
"Arte France Cinu00e9ma","-0.44531250000000000000"
"MID Foundation","-0.45000000000000000000"
"Mostow/Lieberman Productions","-0.45000000000000000000"
"Senator Film Produktion","-0.45909090909090909091"
"Crossbow Productions","-0.46153846153846153846"
"Friendly Films (II)","-0.46666666666666666667"
"EMI Films Ltd.","-0.46666666666666666667"
"Phantom Four","-0.46875000000000000000"
"Pierce/Williams Entertainment","-0.46875000000000000000"
"FGM Entertainment","-0.47272727272727272727"
"Spring Films","-0.47764000000000000000"
"Baltimore Spring Creek Productions","-0.47777777777777777778"
"France 3 Cinema","-0.48888888888888888889"
"WV Films III","-0.49272727272727272728"
"Sony Pictures Classics","-0.49287270463741051500"
"Broken Road Productions","-0.49305555555555555556"
"Material Pictures","-0.49333333333333333333"
"Future Films","-0.500000000000000000000000"
"Lou Yi Inc.","-0.50000000000000000000"
"Seven Arts Productions","-0.50000000000000000000"
"Film Afrika","-0.50000000000000000000"
"Ambush Entertainment","-0.50000000000000000000"
"Hydraulx","-0.50000000000000000000"
"Riche-Ludwig Productions","-0.50000000000000000000"
"Live Entertainment","-0.50333333333333333333"
"TPS Star","-0.50793131868131868132"
"Fidu00e9litu00e9 Productions","-0.51250000000000000000"
"Spelling Films","-0.51388888888888888889"
"Bob Yari Productions","-0.53300000000000000000"
"Cinerenta Medienbeteiligungs KG","-0.53333333333333333333"
"WWE Studios","-0.534903038138332255980000"
"TF1 Droits Audiovisuels","-0.54000000000000000000"
"Intrepid Pictures","-0.54166666666666666667"
"Ten Thirteen Productions","-0.54545454545454545455"
"Right of Way Films","-0.54833333333333333334"
"DiNovi Pictures","-0.54930555555555555556"
"Baumgarten Management and Productions (BMP)","-0.55000000000000000000"
"Linson Entertainment","-0.55000000000000000000"
"Geffen Pictures","-0.55238095238095238095"
"Brad Grey Pictures","-0.55555555555555555556"
"Middle Fork Productions","-0.55555555555555555556"
"Castel Film Romania","-0.55696202531645569620"
"Grindstone Entertainment Group","-0.55824965303290064495"
"Laurel Entertainment Inc.","-0.56250000000000000000"
"See-Saw Films","-0.56666666666666666667"
"Alpha Core","-0.57391304347826086957"
"Simon Kinberg Productions","-0.57391304347826086957"
"Australian Film Finance Corporation (AFFC)","-0.57500000000000000000"
"Blue Tulip Productions","-0.58321078431372549020"
"Face Productions","-0.58333333333333333333"
"Motown Productions","-0.58333333333333333333"
"WV Films IV","-0.58750000000000000000"
"Voltage Pictures","-0.58888888888888888889"
"Nitrogen Studios Canada","-0.59574468085106382979"
"Out of the Blue... Entertainment","-0.59818181818181818182"
"Chicago Pacific Entertainment","-0.60000000000000000000"
"Pathu00e9 Pictures International","-0.60000000000000000000"
"Aegis Film Fund","-0.60000000000000000000"
"Film 4","-0.60000000000000000000"
"Cold Iron Pictures","-0.60000000000000000000"
"Delphi II Productions","-0.60000000000000000000"
"Gold/Miller Productions","-0.60538194444444444445"
"Block 2 Pictures","-0.61400000000000000000"
"Delphi Films","-0.61904761904761904762"
"Birnbaum / Barber Productions","-0.62000000000000000000"
"JVC Entertainment Networks","-0.62962962962962962963"
"Italian Tax Credit","-0.63000000000000000000"
"Ascendant Pictures","-0.63042328042328042328"
"Wildgaze Films","-0.63333333333333333333"
"Media Programme of the European Community","-0.63333333333333333333"
"Amazon Prime Instant Video","-0.63636363636363636364"
"Media Rights Capital (MRC)","-0.64210526315789473684"
"Savoy Pictures","-0.64918414918414918415"
"Fipex Holding","-0.65000000000000000000"
"Granada Film Productions","-0.65000000000000000000"
"C-2 Pictures","-0.65000000000000000000"
"Filmstiftung Nordrhein-Westfalen","-0.65317028985507246377"
"Zentropa Entertainments","-0.65511990864103540160"
"MacDonald/Parkes Productions","-0.65517241379310344828"
"Lazio Film Commission","-0.66486486486486486486"
"Kevin Messick Productions","-0.66666666666666666667"
"Nintendo","-0.66666666666666666667"
"Film Science","-0.66666666666666666667"
"Kernos Filmproduktionsgesellschaft & Company","-0.66666666666666666667"
"Bac Films","-0.67471874393553758225"
"Jet Tone Films","-0.67833333333333333333"
"CinemaNX","-0.68000000000000000000"
"Rickshaw Productions","-0.68000000000000000000"
"Arcadia Motion Pictures","-0.68000000000000000000"
"Orly Films","-0.68421052631578947368"
"Prana Animation Studios","-0.68571428571428571429"
"Tornasol Films","-0.69230769230769230769"
"Perfect World Pictures","-0.69565217391304347826"
"One Race Productions","-0.69600000000000000000"
"The Criterion Collection","-0.69952239789196310935"
"Tohokushinsha Film","-0.70000000000000000000"
"Tall Trees Productions","-0.70833333333333333333"
"Baldwin Entertainment Group","-0.71153846153846153846"
"Hakuhodo DY Media Partners","-0.71207623530272148662"
"David Ladd Films","-0.71428571428571428571"
"China Film Group Corporation (CFGC)","-0.71666666666666666667"
"Trademark Films","-0.72173913043478260870"
"La Petite Reine","-0.72287949458305569952"
"Handmade Films Ltd.","-0.73000000000000000000"
"Number 9 Films","-0.73333333333333333333"
"Memfis Film","-0.73943661971830985916"
"TV2 Norge","-0.74000000000000000000"
"Ontario Media Development Corporation (OMDC)","-0.75000000000000000000"
"Straight Up Films","-0.75000000000000000000"
"Inside Track Films","-0.75000000000000000000"
"Code Entertainment","-0.75000000000000000000"
"Gaylord Films","-0.75311004784688995215"
"Adam Fields Productions","-0.76000000000000000000"
"August Entertainment","-0.76000000000000000000"
"This Is That Productions","-0.775000000000000000000000"
"Wanda Visiu00f3n S.A.","-0.77694999584151148497"
"Witt/Thomas Productions","-0.78260869565217391304"
"Allison Shearmur Productions","-0.78947368421052631579"
"Recorded Picture Company (RPC)","-0.79166666666666666667"
"Belladonna Productions","-0.79687500000000000000"
"Corus Entertainment","-0.80000000000000000000"
"Wessler Entertainment","-0.80000000000000000000"
"Film 44","-0.80861244019138755981"
"Fu Works","-0.80952380952380952381"
"HBO Films","-0.82000000000000000000"
"Baumgarten Merims Productions","-0.82857142857142857143"
"After Dark Films","-0.83636363636363636364"
"Universum Film (UFA)","-0.83804793781040811920"
"Isle of Man Film","-0.84000000000000000000"
"Rough House Pictures","-0.84000000000000000000"
"Molinare Studios","-0.84000000000000000000"
"Prelude Pictures","-0.84375000000000000000"
"Jolie Pas","-0.84615384615384615385"
"Licht/Mueller Film Corporation","-0.85714285714285714286"
"Yucaipa Films","-0.85882352941176470588"
"Saints LA","-0.86153846153846153846"
"Signature Entertainment","-0.86250000000000000000"
"Centre National du Cinu00e9ma et de L'image Animu00e9e (CNC)","-0.86486486486486486486"
"TF1 International","-0.86666666666666666667"
"Atomic Monster","-0.87750000000000000000"
"Film Rites","-0.88888888888888888889"
"Polski Instytut Sztuki Filmowej","-0.91362880000000000000"
"Sofica Europacorp","-0.91511627906976744186"
"Marianne Productions","-0.91666666666666666667"
"Televisiu00f3n Espau00f1ola (TVE)","-0.92191160393565516165"
"Pathu00e9 Distribution","-0.92261904761904761905"
"H2F Entertainment","-0.92571428571428571429"
"Andrea Sperling Productions","-0.92857142857142857143"
"Wind Dancer Productions","-0.92857142857142857143"
"Sony Pictures Worldwide Acquisitions (SPWA)","-0.93400000000000000000"
"Golan-Globus Productions","-0.94117647058823529412"
"Rhino Films","-0.94594594594594594595"
"Vu00eda Digital","-0.94736842105263157895"
"Yer Dead Productions","-0.95522388059701492537"
"Yash Raj Films","-0.95535714285714285714"
"Cannon Films","-0.95588235294117647059"
"Backup Films","-0.97222222222222222222"
"LionsGate","-0.97222222222222222222"
"The Steve Tisch Company","-0.97923076923076923077"
"Bu00f3rd Scannu00e1n na hu00c9ireann","-0.98461538461538461538"
"Arte France","-0.98611111111111111111"
"Warp Films","-0.99087088679245283019"
"The Bureau","-0.99963636363636363636"
"Lions Gate","-0.99999983333333333333"
"HSX Films","-1.00000000000000000000"
"Huayi Brothers","-1.00000000000000000000"
"Neo Art & Logic","-1.00000000000000000000"
"Nelson Entertainment","-1.00000000000000000000"
"Beijing New Picture Film Co. Ltd.","-1.00000000000000000000"
"Natural Nylon Entertainment","-1.00000000000000000000"
"NALA Films","-1.00000000000000000000"
"N1 European Film Produktions GmbH & Co. KG","-1.00000000000000000000"
"Columbia Pictures Film Production Asia","-1.00000000000000000000"
"IFC Films","-1.00000000000000000000"
"Ecosse Films","-1.00000000000000000000"
"Battleplan Productions","-1.00000000000000000000"
"Vega Film","-1.00000000000000000000"
"Myriad Pictures","-1.00000000000000000000"
"Muse Entertainment Enterprises","-1.00000000000000000000"
"Ikiru Films","-1.00000000000000000000"
"Venture Forth","-1.00000000000000000000"
"Verisimilitude","-1.00000000000000000000"
"Galatu00e9e Films","-1.00000000000000000000"
"Banque Populaire Images 9","-1.00000000000000000000"
"Motion Investment Group","-1.00000000000000000000"
"Mosfilm","-1.00000000000000000000"
"Fuzzy Door Productions","-1.00000000000000000000"
"Instituto de Cru00e9dito Oficial (ICO)","-1.00000000000000000000"
"The Kushner-Locke Company","-1.00000000000000000000"
"Canadian Television Fund","-1.00000000000000000000"
"SBK Pictures","-1.00000000000000000000"
"Mod Producciones","-1.00000000000000000000"
"Volcano Films","-1.00000000000000000000"
"Duplass Brothers Productions","-1.00000000000000000000"
"International Traders","-1.00000000000000000000"
"Scottish Screen","-1.00000000000000000000"
"Mirabai Films","-1.00000000000000000000"
"The Jacobson Company","-1.00000000000000000000"
"The Ink Factory","-1.00000000000000000000"
"Freestyle Releasing","-1.00000000000000000000"
"Crossroads Films","-1.00000000000000000000"
"Strand Releasing","-1.00000000000000000000"
"Capitol Films","-1.00000000000000000000"
"Cappa Productions","-1.00000000000000000000"
"Apaches Entertainment","-1.00000000000000000000"
"KC Medien","-1.00000000000000000000"
"Red Om Films","-1.00000000000000000000"
"Fantastic Films","-1.00000000000000000000"
"Forensic Films","-1.00000000000000000000"
"Animal Kingdom","-1.00000000000000000000"
"Fonds Eurimages du Conseil de l'Europe","-1.00000000000000000000"
"Kintop Pictures","-1.00000000000000000000"
"Weintraub Entertainment Group","-1.00000000000000000000"
"Werc Werk Works","-1.00000000000000000000"
"ANA Media","-1.00000000000000000000"
"Drafthouse Films","-1.00000000000000000000"
"Televisiu00f3 de Catalunya (TV3)","-1.00000000000000000000"
"Telepool","-1.00000000000000000000"
"LD Entertainment","-1.00000000000000000000"
"SNL Studios","-1.00000000000000000000"
"First Generation Films","-1.00000000000000000000"
"Screen Yorkshire","-1.00000000000000000000"
"Le Pacte","-1.00000000000000000000"
"Chum Television","-1.00000000000000000000"
"Tax Credit Finance","-1.00000000000000000000"
"Alliance Entertainment","-1.00000000000000000000"
"Les Productions Artistes Associu00e9s","-1.00000000000000000000"
"Alliance Atlantis Communications","-1.00000000000000000000"
"Malpaso Company","-1.00000000000000000000"
"Les Productions du Tru00e9sor","-1.00000000000000000000"
"Filmanova","-1.00000000000000000000"
"Alberta Film Entertainment","-1.00000000000000000000"
"Daniel Bobker Productions","-1.00000000000000000000"
"ScreenWest","-1.00000000000000000000"
"Disney Channel","-1.00000000000000000000"
"Discovery Films","-1.00000000000000000000"
"XYZ Films","-1.00000000000000000000"
"Pure Flix Entertainment","-1.00000000000000000000"
"Yorktown Productions","-1.00000000000000000000"
"Darius Films","-1.00000000000000000000"
"Film Workshop","-1.00000000000000000000"
"Qwerty Films","-1.00000000000000000000"
"Sweetland Films","-1.00000000000000000000"
"Location Gourmet","-1.00000000000000000000"
"Feature Film Project","-1.00000000000000000000"
"Omnilab Media","-1.00000000000000000000"
"Timnick Films","-1.00000000000000000000"
"Tomboy Films","-1.00000000000000000000"
"Roth-Arnold Productions","-1.00000000000000000000"
"Ru00e9gion Bretagne","-1.00000000000000000000"
"EM Media","-1.00000000000000000000"
"Brillstein-Grey Entertainment","-1.00000000000000000000"
"Hank Levine Film","-1.00000000000000000000"
"Odyssey Entertainment","-1.00000000000000000000"
"Odeon Films","-1.00000000000000000000"
"Samson Films","-1.00000000000000000000"
"Harold Greenberg Fund","-1.00000000000000000000"
"Trilogy Entertainment Group","-1.00000000000000000000"
"Hart-Sharp Entertainment","-1.00000000000000000000"
"Eden Wurmfeld Films","-1.00000000000000000000"
"O Entertainment","-1.00000000000000000000"
"EMI Films","-1.00000000000000000000"
"Haxan Films","-1.00000000000000000000"
"Bristol Bay Productions","-1.00000000000000000000"
"British Film Institute (BFI)","-1.00000000000000000000"
"Nomadic Pictures","-1.00000000000000000000"
"Corner Store Entertainment","-1.00000000000000000000"
"Golan-Globus","-1.00000000000000000000"
"Holly Wiersma Productions","-1.00000000000000000000"
"Hollywood Media Bridge","-1.00000000000000000000"
"British Screen Productions","-1.00000000000000000000"
